name,C,F,T,k6s1,k6s2,k6s4,k6s8,k6s16,k6s32,k6s64,k7s1,k7s2,k7s4,k7s8,k7s16,k7s32,k7s64,k8s1,k8s2,k8s4,k8s8,k8s16,k8s32,k8s64,k9s1,k9s2,k9s4,k9s8,k9s16,k9s32,k9s64,k10s1,k10s2,k10s4,k10s8,k10s16,k10s32,k10s64,k11s1,k11s2,k11s4,k11s8,k11s16,k11s32,k11s64,k12s1,k12s2,k12s4,k12s8,k12s16,k12s32,k12s64
AFMarkov1_50_1_15,50,1,15,0,0,0,0,0,0,0,44,0,0,0,0,0,0,9403,58053,9655,6,0,0,0,33772,621589,2779553,6607417,89551,0,0,227922,1517817,13742445,83495473,27430153,2599865,5760,212622,10402752,100937750,249626537,149454024,35476487,1603955,61917,4119591,130421692,1969758489,1192348989,100915297,7453033,
AFMarkov1_50_1_70,50,1,70,0,0,0,0,0,0,0,44,0,0,0,0,0,0,9403,58053,9655,6,0,0,0,31994,621396,2779553,6607417,89551,0,0,3597,365461,13003725,83473011,27430153,2599865,5760,253,30038,1681484,58306205,141394038,35465831,1603955,21,2294,139948,5433466,19817485,24003330,7041613,
AFMarkov1_50_1_95,50,1,95,0,0,0,0,0,0,0,44,0,0,0,0,0,0,7527,57841,9655,6,0,0,0,326,57371,2131945,6589583,89551,0,0,2,1105,123500,7061311,20933126,2590706,5760,0,18,2483,187921,1352630,3107020,1246139,0,0,33,3873,30406,78397,65963,
AFMarkov1_50_5_15,50,5,15,0,0,0,0,0,0,0,39,0,0,0,0,0,0,1764,15404,8293,6,0,0,0,2523,114599,532582,1789707,77245,0,0,33017,708124,1046845,14928750,5217432,683386,4781,588,142761,15214201,114905143,11395737,6671745,343834,113,8478,368099,26041835,180502224,47596406,580705,
AFMarkov1_50_5_70,50,5,70,0,0,0,0,0,0,0,39,0,0,0,0,0,0,1764,15404,8293,6,0,0,0,502,114312,532581,1789707,77245,0,0,3,431,188793,14892070,5217432,683386,4781,0,19,1382,65397,2041420,6654647,343834,0,2,138,4998,19515,28850,108032,
AFMarkov1_50_5_95,50,5,95,0,0,0,0,0,0,0,39,0,0,0,0,0,0,172,15042,8293,6,0,0,0,0,8,49791,1758611,77245,0,0,0,0,0,809,480463,666978,4781,0,0,0,0,1,412,24348,0,0,0,0,0,0,0,
AFMarkov1_50_10_15,50,10,15,0,0,0,0,0,0,0,32,0,0,0,0,0,0,538,4180,4898,6,0,0,0,1764,12752,212697,394146,48587,0,0,3307,254540,736282,1860942,2146193,185537,3967,81,6576,1410338,40950652,8077501,704277,91051,20,1326,44116,1203488,16751739,16906914,403686,
AFMarkov1_50_10_70,50,10,70,0,0,0,0,0,0,0,32,0,0,0,0,0,0,538,4180,4898,6,0,0,0,15,12462,212696,394146,48587,0,0,0,18,4717,1823879,2146193,185537,3967,0,0,46,2672,49698,686977,91051,0,0,3,188,677,970,2778,
AFMarkov1_50_10_95,50,10,95,0,0,0,0,0,0,0,32,0,0,0,0,0,0,10,3859,4898,6,0,0,0,0,0,2256,364971,48587,0,0,0,0,0,0,21074,170057,3967,0,0,0,0,0,0,1302,0,0,0,0,0,0,0,
AFMarkov1_50_15_15,50,15,15,0,0,0,0,0,0,0,5,0,0,0,0,0,0,214,786,2245,6,0,0,0,1097,2890,68209,97394,21571,0,0,438,81004,456381,333416,689164,34936,659,24,1910,186864,13142097,4896698,154627,36352,5,392,14173,353856,2240327,5351825,245946,
AFMarkov1_50_15_70,50,15,70,0,0,0,0,0,0,0,5,0,0,0,0,0,0,214,786,2245,6,0,0,0,0,2598,68208,97394,21571,0,0,0,0,217,296205,689164,34936,659,0,0,0,26,2098,137260,36352,0,0,0,0,1,11,102,
AFMarkov1_50_15_95,50,15,95,0,0,0,0,0,0,0,5,0,0,0,0,0,0,0,595,2245,6,0,0,0,0,0,126,78732,21571,0,0,0,0,0,0,1364,24792,659,0,0,0,0,0,0,90,0,0,0,0,0,0,0,
AFMarkov1_50_20_15,50,20,15,0,0,0,0,0,0,0,4,0,0,0,0,0,0,62,365,753,6,0,0,0,637,752,27391,32483,6932,0,0,97,25065,302171,95916,285729,16166,582,1,133,37250,4120285,3218898,39072,8512,0,0,94,22850,429403,1649671,141901,
AFMarkov1_50_20_70,50,20,70,0,0,0,0,0,0,0,4,0,0,0,0,0,0,62,365,753,6,0,0,0,0,475,27390,32483,6932,0,0,0,0,8,59858,285729,16166,582,0,0,0,0,78,22454,8512,0,0,0,0,0,0,1,
AFMarkov1_50_20_95,50,20,95,0,0,0,0,0,0,0,4,0,0,0,0,0,0,0,235,753,6,0,0,0,0,0,4,19449,6932,0,0,0,0,0,0,67,8887,582,0,0,0,0,0,0,2,0,0,0,0,0,0,0,
AFMarkov1_50_50_15,50,50,15,0,0,0,0,0,0,0,0,0,0,0,0,0,0,1,1,5,1,0,0,0,7,64,85,153,51,0,0,0,60,4707,7849,830,63,11,0,0,0,6638,49548,3714,94,0,0,0,0,0,2588,2252,
AFMarkov1_50_50_70,50,50,70,0,0,0,0,0,0,0,0,0,0,0,0,0,0,1,1,5,1,0,0,0,0,0,84,153,51,0,0,0,0,0,30,830,63,11,0,0,0,0,0,15,94,0,0,0,0,0,0,0,
AFMarkov1_50_50_95,50,50,95,0,0,0,0,0,0,0,0,0,0,0,0,0,0,0,0,5,1,0,0,0,0,0,0,21,51,0,0,0,0,0,0,0,11,11,0,0,0,0,0,0,0,0,0,0,0,0,0,0,
AFMarkov1_50_500_15,50,500,15,0,0,0,0,0,0,0,0,0,0,0,0,0,0,0,0,0,0,0,0,0,0,0,0,0,0,0,0,0,0,0,0,0,0,0,0,0,0,0,0,0,0,0,0,0,0,0,0,0,
AFMarkov1_50_500_70,50,500,70,0,0,0,0,0,0,0,0,0,0,0,0,0,0,0,0,0,0,0,0,0,0,0,0,0,0,0,0,0,0,0,0,0,0,0,0,0,0,0,0,0,0,0,0,0,0,0,0,0,
AFMarkov1_50_500_95,50,500,95,0,0,0,0,0,0,0,0,0,0,0,0,0,0,0,0,0,0,0,0,0,0,0,0,0,0,0,0,0,0,0,0,0,0,0,0,0,0,0,0,0,0,0,0,0,0,0,0,0,
AFMarkov1_60_1_15,60,1,15,0,0,0,0,0,0,0,10,0,0,0,0,0,0,7133,28512,1972,0,0,0,0,31299,442016,2033202,3287817,17739,0,0,156196,837340,12548566,59264900,20054114,1289530,1194,212523,9901724,66231363,139154826,136378367,25305415,1192534,61917,4119591,130386187,1878544701,776535639,55579024,6881630,
AFMarkov1_60_1_70,60,1,70,0,0,0,0,0,0,0,10,0,0,0,0,0,0,7133,28512,1972,0,0,0,0,30943,442003,2033202,3287817,17739,0,0,3597,365361,12411516,59263955,20054114,1289530,1194,253,30038,1681484,58292501,134904389,25304863,1192534,21,2294,139948,5433466,19817485,23996078,6806969,
AFMarkov1_60_1_95,60,1,95,0,0,0,0,0,0,0,10,0,0,0,0,0,0,6551,28492,1972,0,0,0,0,326,57357,1819892,3286484,17739,0,0,2,1105,123500,7049644,17871919,1288831,1194,0,18,2483,187921,1352630,3101312,1086462,0,0,33,3873,30406,78397,65963,
AFMarkov1_60_5_15,60,5,15,0,0,0,0,0,0,0,10,0,0,0,0,0,0,618,8115,1772,0,0,0,0,875,74509,193144,792615,15883,0,0,25558,352939,328635,9975260,1997799,358654,1194,588,140692,11447475,60010317,3539216,4160305,115194,113,8478,368099,25691594,135752421,23396830,189904,
AFMarkov1_60_5_70,60,5,70,0,0,0,0,0,0,0,10,0,0,0,0,0,0,618,8115,1772,0,0,0,0,481,74494,193144,792615,15883,0,0,3,431,171960,9973946,1997799,358654,1194,0,19,1382,65397,1853768,4159573,115194,0,2,138,4998,19515,28850,105048,
AFMarkov1_60_5_95,60,5,95,0,0,0,0,0,0,0,10,0,0,0,0,0,0,85,8081,1772,0,0,0,0,0,8,34558,790507,15883,0,0,0,0,0,809,334407,357531,1194,0,0,0,0,1,412,12205,0,0,0,0,0,0,0,
AFMarkov1_60_10_15,60,10,15,0,0,0,0,0,0,0,4,0,0,0,0,0,0,147,451,510,0,0,0,0,335,5018,36769,58876,5247,0,0,1998,81724,141063,641610,364316,19708,380,81,6576,984942,14377407,1529082,275458,24795,20,1326,44116,1201713,11625477,5760415,69004,
AFMarkov1_60_10_70,60,10,70,0,0,0,0,0,0,0,4,0,0,0,0,0,0,147,451,510,0,0,0,0,15,5003,36769,58876,5247,0,0,0,18,4439,640286,364316,19708,380,0,0,46,2672,46878,274721,24795,0,0,3,188,677,970,2778,
AFMarkov1_60_10_95,60,10,95,0,0,0,0,0,0,0,4,0,0,0,0,0,0,4,427,510,0,0,0,0,0,0,1523,56830,5247,0,0,0,0,0,0,14513,18585,380,0,0,0,0,0,0,413,0,0,0,0,0,0,0,
AFMarkov1_60_15_15,60,15,15,0,0,0,0,0,0,0,1,0,0,0,0,0,0,48,72,145,0,0,0,0,217,531,9389,9501,1463,0,0,310,26346,87542,75494,92228,3616,83,24,1910,128336,4488786,958200,31084,6578,5,392,14173,353856,1538230,1723185,42059,
AFMarkov1_60_15_70,60,15,70,0,0,0,0,0,0,0,1,0,0,0,0,0,0,48,72,145,0,0,0,0,0,516,9389,9501,1463,0,0,0,0,217,74151,92228,3616,83,0,0,0,26,2098,30338,6578,0,0,0,0,1,11,102,
AFMarkov1_60_15_95,60,15,95,0,0,0,0,0,0,0,1,0,0,0,0,0,0,0,60,145,0,0,0,0,0,0,91,8542,1463,0,0,0,0,0,0,963,3058,83,0,0,0,0,0,0,90,0,0,0,0,0,0,0,
AFMarkov1_60_20_15,60,20,15,0,0,0,0,0,0,0,0,0,0,0,0,0,0,4,11,73,0,0,0,0,133,112,2669,1979,846,0,0,85,8129,48937,13781,26526,606,6,1,133,31606,1322426,507283,6135,1429,0,0,94,22850,369462,533019,26790,
AFMarkov1_60_20_70,60,20,70,0,0,0,0,0,0,0,0,0,0,0,0,0,0,4,11,73,0,0,0,0,0,97,2669,1979,846,0,0,0,0,8,12453,26526,606,6,0,0,0,0,78,5389,1429,0,0,0,0,0,0,1,
AFMarkov1_60_20_95,60,20,95,0,0,0,0,0,0,0,0,0,0,0,0,0,0,0,8,73,0,0,0,0,0,0,3,1544,846,0,0,0,0,0,0,42,367,6,0,0,0,0,0,0,2,0,0,0,0,0,0,0,
AFMarkov1_60_50_15,60,50,15,0,0,0,0,0,0,0,0,0,0,0,0,0,0,0,0,0,0,0,0,0,0,1,6,0,0,0,0,0,12,299,147,31,1,0,0,0,0,892,2914,74,1,0,0,0,0,0,362,148,
AFMarkov1_60_50_70,60,50,70,0,0,0,0,0,0,0,0,0,0,0,0,0,0,0,0,0,0,0,0,0,0,0,6,0,0,0,0,0,0,0,0,31,1,0,0,0,0,0,0,0,1,0,0,0,0,0,0,0,
AFMarkov1_60_50_95,60,50,95,0,0,0,0,0,0,0,0,0,0,0,0,0,0,0,0,0,0,0,0,0,0,0,0,0,0,0,0,0,0,0,0,0,0,0,0,0,0,0,0,0,0,0,0,0,0,0,0,0,
AFMarkov1_60_500_15,60,500,15,0,0,0,0,0,0,0,0,0,0,0,0,0,0,0,0,0,0,0,0,0,0,0,0,0,0,0,0,0,0,0,0,0,0,0,0,0,0,0,0,0,0,0,0,0,0,0,0,0,
AFMarkov1_60_500_70,60,500,70,0,0,0,0,0,0,0,0,0,0,0,0,0,0,0,0,0,0,0,0,0,0,0,0,0,0,0,0,0,0,0,0,0,0,0,0,0,0,0,0,0,0,0,0,0,0,0,0,0,
AFMarkov1_60_500_95,60,500,95,0,0,0,0,0,0,0,0,0,0,0,0,0,0,0,0,0,0,0,0,0,0,0,0,0,0,0,0,0,0,0,0,0,0,0,0,0,0,0,0,0,0,0,0,0,0,0,0,0,
AFMarkov1_70_1_15,70,1,15,0,0,0,0,0,0,0,2,0,0,0,0,0,0,6271,16192,331,0,0,0,0,30576,362405,1757716,1930717,2731,0,0,117355,507776,12204967,48126007,17260843,741405,143,212483,9671975,48392269,83325573,132602320,20728030,1043302,61917,4119591,130374700,1837543587,562927485,33668993,6722987,
AFMarkov1_70_1_70,70,1,70,0,0,0,0,0,0,0,2,0,0,0,0,0,0,6271,16192,331,0,0,0,0,30522,362404,1757716,1930717,2731,0,0,3597,365339,12187520,48125995,17260843,741405,143,253,30038,1681484,58289546,132429168,20728015,1043302,21,2294,139948,5433466,19817485,23994561,6711924,
AFMarkov1_70_1_95,70,1,95,0,0,0,0,0,0,0,2,0,0,0,0,0,0,6131,16188,331,0,0,0,0,326,57354,1700216,1930692,2731,0,0,2,1105,123500,7047552,16704148,741393,143,0,18,2483,187921,1352630,3099766,1018732,0,0,33,3873,30406,78397,65963,
AFMarkov1_70_5_15,70,5,15,0,0,0,0,0,0,0,2,0,0,0,0,0,0,144,1797,260,0,0,0,0,330,20170,43071,213479,2162,0,0,11914,92664,123313,2948735,445485,78231,143,588,119038,5011559,15669902,1312307,1191986,24218,113,8478,368099,21819576,59596659,6063289,70444,
AFMarkov1_70_5_70,70,5,70,0,0,0,0,0,0,0,2,0,0,0,0,0,0,144,1797,260,0,0,0,0,272,20169,43071,213479,2162,0,0,3,431,103859,2948720,445485,78231,143,0,19,1382,65397,1118808,1191967,24218,0,2,138,4998,19515,28850,58163,
AFMarkov1_70_5_95,70,5,95,0,0,0,0,0,0,0,2,0,0,0,0,0,0,70,1792,260,0,0,0,0,0,8,14108,213446,2162,0,0,0,0,0,809,136541,78217,143,0,0,0,0,1,412,10099,0,0,0,0,0,0,0,
AFMarkov1_70_10_15,70,10,15,0,0,0,0,0,0,0,0,0,0,0,0,0,0,33,166,97,0,0,0,0,61,2473,8021,26475,840,0,0,1359,26920,21613,312418,76017,6377,18,81,6505,590530,3977728,216958,166303,7696,20,1326,44116,1190056,7006959,1766575,12815,
AFMarkov1_70_10_70,70,10,70,0,0,0,0,0,0,0,0,0,0,0,0,0,0,33,166,97,0,0,0,0,8,2472,8021,26475,840,0,0,0,18,3264,312403,76017,6377,18,0,0,46,2672,34058,166284,7696,0,0,3,188,677,970,1394,
AFMarkov1_70_10_95,70,10,95,0,0,0,0,0,0,0,0,0,0,0,0,0,0,4,161,97,0,0,0,0,0,0,350,26446,840,0,0,0,0,0,0,3135,6363,18,0,0,0,0,0,0,325,0,0,0,0,0,0,0,
AFMarkov1_70_15_15,70,15,15,0,0,0,0,0,0,0,0,0,0,0,0,0,0,2,3,9,0,0,0,0,30,126,1111,510,71,0,0,226,6935,10894,17974,11164,206,12,24,1910,99228,1101296,107707,6842,452,5,392,14173,353781,1170339,452637,5305,
AFMarkov1_70_15_70,70,15,70,0,0,0,0,0,0,0,0,0,0,0,0,0,0,2,3,9,0,0,0,0,0,125,1111,510,71,0,0,0,0,190,17959,11164,206,12,0,0,0,26,1796,6823,452,0,0,0,0,1,11,102,
AFMarkov1_70_15_95,70,15,95,0,0,0,0,0,0,0,0,0,0,0,0,0,0,0,3,9,0,0,0,0,0,0,12,493,71,0,0,0,0,0,0,125,197,12,0,0,0,0,0,0,2,0,0,0,0,0,0,0,
AFMarkov1_70_20_15,70,20,15,0,0,0,0,0,0,0,0,0,0,0,0,0,0,0,0,2,0,0,0,0,17,15,275,27,8,0,0,51,3237,6737,2401,2808,13,0,1,133,23698,531711,67342,905,102,0,0,94,22850,276054,204645,2874,
AFMarkov1_70_20_70,70,20,70,0,0,0,0,0,0,0,0,0,0,0,0,0,0,0,0,2,0,0,0,0,0,14,275,27,8,0,0,0,0,8,2386,2808,13,0,0,0,0,0,78,886,102,0,0,0,0,0,0,1,
AFMarkov1_70_20_95,70,20,95,0,0,0,0,0,0,0,0,0,0,0,0,0,0,0,0,2,0,0,0,0,0,0,2,25,8,0,0,0,0,0,0,14,10,0,0,0,0,0,0,0,2,0,0,0,0,0,0,0,
AFMarkov1_70_50_15,70,50,15,0,0,0,0,0,0,0,0,0,0,0,0,0,0,0,0,0,0,0,0,0,0,0,0,0,0,0,0,0,0,16,1,1,0,0,0,0,0,48,160,0,0,0,0,0,0,0,11,7,
AFMarkov1_70_50_70,70,50,70,0,0,0,0,0,0,0,0,0,0,0,0,0,0,0,0,0,0,0,0,0,0,0,0,0,0,0,0,0,0,0,0,1,0,0,0,0,0,0,0,0,0,0,0,0,0,0,0,0,
AFMarkov1_70_50_95,70,50,95,0,0,0,0,0,0,0,0,0,0,0,0,0,0,0,0,0,0,0,0,0,0,0,0,0,0,0,0,0,0,0,0,0,0,0,0,0,0,0,0,0,0,0,0,0,0,0,0,0,
AFMarkov1_70_500_15,70,500,15,0,0,0,0,0,0,0,0,0,0,0,0,0,0,0,0,0,0,0,0,0,0,0,0,0,0,0,0,0,0,0,0,0,0,0,0,0,0,0,0,0,0,0,0,0,0,0,0,0,
AFMarkov1_70_500_70,70,500,70,0,0,0,0,0,0,0,0,0,0,0,0,0,0,0,0,0,0,0,0,0,0,0,0,0,0,0,0,0,0,0,0,0,0,0,0,0,0,0,0,0,0,0,0,0,0,0,0,0,
AFMarkov1_70_500_95,70,500,95,0,0,0,0,0,0,0,0,0,0,0,0,0,0,0,0,0,0,0,0,0,0,0,0,0,0,0,0,0,0,0,0,0,0,0,0,0,0,0,0,0,0,0,0,0,0,0,0,0,
AFMarkov1_80_1_15,80,1,15,0,0,0,0,0,0,0,0,0,0,0,0,0,0,6050,13179,37,0,0,0,0,30403,342010,1690711,1559036,289,0,0,102360,410423,12123733,45087646,16579797,609521,6,212473,9581890,41871521,66903879,131711454,19500935,1007391,61917,4119591,130370996,1821507627,484638757,27289441,6687806,
AFMarkov1_80_1_70,80,1,70,0,0,0,0,0,0,0,0,0,0,0,0,0,0,6050,13179,37,0,0,0,0,30398,342010,1690711,1559036,289,0,0,3597,365338,12122500,45087646,16579797,609521,6,253,30038,1681484,58288990,131701179,19500935,1007391,21,2294,139948,5433466,19817485,23994267,6687110,
AFMarkov1_80_1_95,80,1,95,0,0,0,0,0,0,0,0,0,0,0,0,0,0,5986,13179,37,0,0,0,0,326,57353,1667316,1559036,289,0,0,2,1105,123500,7045402,16384654,609521,6,0,18,2483,187921,1352630,3099384,995572,0,0,33,3873,30406,78397,65963,
AFMarkov1_80_5_15,80,5,15,0,0,0,0,0,0,0,0,0,0,0,0,0,0,77,864,25,0,0,0,0,239,11351,21641,128347,289,0,0,9605,37180,95134,1792792,215600,38236,6,588,116110,3867138,6510401,1023105,688485,11340,113,8478,368099,21175580,45968683,2433771,51624,
AFMarkov1_80_5_70,80,5,70,0,0,0,0,0,0,0,0,0,0,0,0,0,0,77,864,25,0,0,0,0,233,11351,21641,128347,289,0,0,3,431,93795,1792792,215600,38236,6,0,19,1382,65397,1011914,688485,11340,0,2,138,4998,19515,28850,50842,
AFMarkov1_80_5_95,80,5,95,0,0,0,0,0,0,0,0,0,0,0,0,0,0,65,864,25,0,0,0,0,0,8,11634,128347,289,0,0,0,0,0,809,113261,38236,6,0,0,0,0,1,412,9774,0,0,0,0,0,0,0,
AFMarkov1_80_10_15,80,10,15,0,0,0,0,0,0,0,0,0,0,0,0,0,0,3,21,2,0,0,0,0,13,621,703,1689,37,0,0,607,7402,3679,89763,7397,956,6,81,6320,262104,1211765,34981,35759,270,20,1326,44116,1152515,3114755,454905,2100,
AFMarkov1_80_10_70,80,10,70,0,0,0,0,0,0,0,0,0,0,0,0,0,0,3,21,2,0,0,0,0,7,621,703,1689,37,0,0,0,18,2342,89763,7397,956,6,0,0,46,2672,23776,35759,270,0,0,3,188,677,970,1313,
AFMarkov1_80_10_95,80,10,95,0,0,0,0,0,0,0,0,0,0,0,0,0,0,0,21,2,0,0,0,0,0,0,53,1689,37,0,0,0,0,0,0,422,956,6,0,0,0,0,0,0,0,0,0,0,0,0,0,0,
AFMarkov1_80_15_15,80,15,15,0,0,0,0,0,0,0,0,0,0,0,0,0,0,0,2,0,0,0,0,0,4,74,145,66,1,0,0,177,2276,1347,8219,1245,15,0,24,1905,73998,318389,11230,4087,45,5,392,14173,353148,869489,136584,721,
AFMarkov1_80_15_70,80,15,70,0,0,0,0,0,0,0,0,0,0,0,0,0,0,0,2,0,0,0,0,0,0,74,145,66,1,0,0,0,0,160,8219,1245,15,0,0,0,0,26,1411,4087,45,0,0,0,0,1,11,64,
AFMarkov1_80_15_95,80,15,95,0,0,0,0,0,0,0,0,0,0,0,0,0,0,0,2,0,0,0,0,0,0,0,0,66,1,0,0,0,0,0,0,4,15,0,0,0,0,0,0,0,0,0,0,0,0,0,0,0,
AFMarkov1_80_20_15,80,20,15,0,0,0,0,0,0,0,0,0,0,0,0,0,0,0,0,0,0,0,0,0,1,4,37,0,0,0,0,37,791,685,576,322,0,0,1,133,18962,146690,5873,221,15,0,0,94,22843,215741,56441,268,
AFMarkov1_80_20_70,80,20,70,0,0,0,0,0,0,0,0,0,0,0,0,0,0,0,0,0,0,0,0,0,0,4,37,0,0,0,0,0,0,8,576,322,0,0,0,0,0,0,70,221,15,0,0,0,0,0,0,1,
AFMarkov1_80_20_95,80,20,95,0,0,0,0,0,0,0,0,0,0,0,0,0,0,0,0,0,0,0,0,0,0,0,0,0,0,0,0,0,0,0,0,1,0,0,0,0,0,0,0,0,0,0,0,0,0,0,0,0,
AFMarkov1_80_50_15,80,50,15,0,0,0,0,0,0,0,0,0,0,0,0,0,0,0,0,0,0,0,0,0,0,0,0,0,0,0,0,0,0,0,0,0,0,0,0,0,0,1,0,0,0,0,0,0,0,0,1,0,
AFMarkov1_80_50_70,80,50,70,0,0,0,0,0,0,0,0,0,0,0,0,0,0,0,0,0,0,0,0,0,0,0,0,0,0,0,0,0,0,0,0,0,0,0,0,0,0,0,0,0,0,0,0,0,0,0,0,0,
AFMarkov1_80_50_95,80,50,95,0,0,0,0,0,0,0,0,0,0,0,0,0,0,0,0,0,0,0,0,0,0,0,0,0,0,0,0,0,0,0,0,0,0,0,0,0,0,0,0,0,0,0,0,0,0,0,0,0,
AFMarkov1_80_500_15,80,500,15,0,0,0,0,0,0,0,0,0,0,0,0,0,0,0,0,0,0,0,0,0,0,0,0,0,0,0,0,0,0,0,0,0,0,0,0,0,0,0,0,0,0,0,0,0,0,0,0,0,
AFMarkov1_80_500_70,80,500,70,0,0,0,0,0,0,0,0,0,0,0,0,0,0,0,0,0,0,0,0,0,0,0,0,0,0,0,0,0,0,0,0,0,0,0,0,0,0,0,0,0,0,0,0,0,0,0,0,0,
AFMarkov1_80_500_95,80,500,95,0,0,0,0,0,0,0,0,0,0,0,0,0,0,0,0,0,0,0,0,0,0,0,0,0,0,0,0,0,0,0,0,0,0,0,0,0,0,0,0,0,0,0,0,0,0,0,0,0,
AFMarkov1_90_1_15,90,1,15,0,0,0,0,0,0,0,0,0,0,0,0,0,0,5978,12320,13,0,0,0,0,30361,336423,1671643,1433360,0,0,0,94476,376007,12096665,44182370,16387511,572153,0,212468,9533091,38623953,60850097,131406446,19144470,997285,61917,4119591,130369090,1812972888,445575626,25026565,6680020,
AFMarkov1_90_1_70,90,1,70,0,0,0,0,0,0,0,0,0,0,0,0,0,0,5978,12320,13,0,0,0,0,30361,336423,1671643,1433360,0,0,0,3597,365338,12096665,44182370,16387511,572153,0,253,30038,1681484,58288802,131406379,19144470,997285,21,2294,139948,5433466,19817485,23994173,6680004,
AFMarkov1_90_1_95,90,1,95,0,0,0,0,0,0,0,0,0,0,0,0,0,0,5924,12320,13,0,0,0,0,326,57353,1656718,1433360,0,0,0,2,1105,123500,7044729,16281603,572153,0,0,18,2483,187921,1352630,3099281,986610,0,0,33,3873,30406,78397,65963,
AFMarkov1_90_5_15,90,5,15,0,0,0,0,0,0,0,0,0,0,0,0,0,0,3,17,1,0,0,0,0,72,718,1110,2671,0,0,0,880,1572,27210,106595,10666,868,0,581,51297,364927,232234,293434,49780,841,113,8478,362195,9967178,4204343,89841,17980,
AFMarkov1_90_5_70,90,5,70,0,0,0,0,0,0,0,0,0,0,0,0,0,0,3,17,1,0,0,0,0,72,718,1110,2671,0,0,0,3,419,27210,106595,10666,868,0,0,19,1382,64030,293366,49780,841,0,2,138,4998,19515,28221,17964,
AFMarkov1_90_5_95,90,5,95,0,0,0,0,0,0,0,0,0,0,0,0,0,0,3,17,1,0,0,0,0,0,8,1036,2671,0,0,0,0,0,0,688,10210,868,0,0,0,0,0,1,309,812,0,0,0,0,0,0,0,
AFMarkov1_90_10_15,90,10,15,0,0,0,0,0,0,0,0,0,0,0,0,0,0,0,0,0,0,0,0,0,3,98,34,80,0,0,0,263,1069,1408,14962,275,28,0,81,5774,102814,148965,14393,5118,6,20,1326,44116,1042164,1201901,53642,706,
AFMarkov1_90_10_70,90,10,70,0,0,0,0,0,0,0,0,0,0,0,0,0,0,0,0,0,0,0,0,0,3,98,34,80,0,0,0,0,18,1408,14962,275,28,0,0,0,46,2672,14325,5118,6,0,0,3,188,677,970,690,
AFMarkov1_90_10_95,90,10,95,0,0,0,0,0,0,0,0,0,0,0,0,0,0,0,0,0,0,0,0,0,0,0,2,80,0,0,0,0,0,0,0,31,28,0,0,0,0,0,0,0,0,0,0,0,0,0,0,0,
AFMarkov1_90_15_15,90,15,15,0,0,0,0,0,0,0,0,0,0,0,0,0,0,0,0,0,0,0,0,0,0,13,3,0,0,0,0,82,295,69,1366,18,0,0,24,1737,26143,38104,701,494,2,5,392,14173,325779,301924,13960,54,
AFMarkov1_90_15_70,90,15,70,0,0,0,0,0,0,0,0,0,0,0,0,0,0,0,0,0,0,0,0,0,0,13,3,0,0,0,0,0,0,69,1366,18,0,0,0,0,0,26,633,494,2,0,0,0,0,1,11,38,
AFMarkov1_90_15_95,90,15,95,0,0,0,0,0,0,0,0,0,0,0,0,0,0,0,0,0,0,0,0,0,0,0,0,0,0,0,0,0,0,0,0,0,0,0,0,0,0,0,0,0,0,0,0,0,0,0,0,0,
AFMarkov1_90_20_15,90,20,15,0,0,0,0,0,0,0,0,0,0,0,0,0,0,0,0,0,0,0,0,0,0,1,1,0,0,0,0,16,155,5,154,6,0,0,1,127,7936,24504,102,46,2,0,0,94,21604,89281,8831,16,
AFMarkov1_90_20_70,90,20,70,0,0,0,0,0,0,0,0,0,0,0,0,0,0,0,0,0,0,0,0,0,0,1,1,0,0,0,0,0,0,5,154,6,0,0,0,0,0,0,34,46,2,0,0,0,0,0,0,0,
AFMarkov1_90_20_95,90,20,95,0,0,0,0,0,0,0,0,0,0,0,0,0,0,0,0,0,0,0,0,0,0,0,0,0,0,0,0,0,0,0,0,0,0,0,0,0,0,0,0,0,0,0,0,0,0,0,0,0,
AFMarkov1_90_50_15,90,50,15,0,0,0,0,0,0,0,0,0,0,0,0,0,0,0,0,0,0,0,0,0,0,0,0,0,0,0,0,0,0,0,0,0,0,0,0,0,0,0,0,0,0,0,0,0,0,0,0,0,
AFMarkov1_90_50_70,90,50,70,0,0,0,0,0,0,0,0,0,0,0,0,0,0,0,0,0,0,0,0,0,0,0,0,0,0,0,0,0,0,0,0,0,0,0,0,0,0,0,0,0,0,0,0,0,0,0,0,0,
AFMarkov1_90_50_95,90,50,95,0,0,0,0,0,0,0,0,0,0,0,0,0,0,0,0,0,0,0,0,0,0,0,0,0,0,0,0,0,0,0,0,0,0,0,0,0,0,0,0,0,0,0,0,0,0,0,0,0,
AFMarkov1_90_500_15,90,500,15,0,0,0,0,0,0,0,0,0,0,0,0,0,0,0,0,0,0,0,0,0,0,0,0,0,0,0,0,0,0,0,0,0,0,0,0,0,0,0,0,0,0,0,0,0,0,0,0,0,
AFMarkov1_90_500_70,90,500,70,0,0,0,0,0,0,0,0,0,0,0,0,0,0,0,0,0,0,0,0,0,0,0,0,0,0,0,0,0,0,0,0,0,0,0,0,0,0,0,0,0,0,0,0,0,0,0,0,0,
AFMarkov1_90_500_95,90,500,95,0,0,0,0,0,0,0,0,0,0,0,0,0,0,0,0,0,0,0,0,0,0,0,0,0,0,0,0,0,0,0,0,0,0,0,0,0,0,0,0,0,0,0,0,0,0,0,0,0,
AFMarkov1_95_1_15,95,1,15,0,0,0,0,0,0,0,0,0,0,0,0,0,0,5978,12320,13,0,0,0,0,30360,336394,1671617,1433280,0,0,0,94312,375025,12096435,44177343,16387281,572125,0,212468,9531739,38547632,60716895,131403912,19143190,997282,61917,4119591,130368983,1812714786,444651468,24978720,6679948,
AFMarkov1_95_1_70,95,1,70,0,0,0,0,0,0,0,0,0,0,0,0,0,0,5978,12320,13,0,0,0,0,30360,336394,1671617,1433280,0,0,0,3597,365338,12096435,44177343,16387281,572125,0,253,30038,1681484,58288801,131403912,19143190,997282,21,2294,139948,5433466,19817485,23994173,6679948,
AFMarkov1_95_1_95,95,1,95,0,0,0,0,0,0,0,0,0,0,0,0,0,0,5924,12320,13,0,0,0,0,326,57353,1656716,1433280,0,0,0,2,1105,123500,7044706,16281572,572125,0,0,18,2483,187921,1352630,3099281,986610,0,0,33,3873,30406,78397,65963,
AFMarkov1_95_5_15,95,5,15,0,0,0,0,0,0,0,0,0,0,0,0,0,0,3,17,1,0,0,0,0,71,634,1076,2591,0,0,0,688,550,26526,92808,10393,840,0,581,49449,279084,91247,286434,45602,836,113,8478,361961,9606172,3175619,39406,17652,
AFMarkov1_95_5_70,95,5,70,0,0,0,0,0,0,0,0,0,0,0,0,0,0,3,17,1,0,0,0,0,71,634,1076,2591,0,0,0,3,419,26526,92808,10393,840,0,0,19,1382,64023,286434,45602,836,0,2,138,4998,19515,28212,17652,
AFMarkov1_95_5_95,95,5,95,0,0,0,0,0,0,0,0,0,0,0,0,0,0,3,17,1,0,0,0,0,0,8,1034,2591,0,0,0,0,0,0,665,10179,840,0,0,0,0,0,1,309,812,0,0,0,0,0,0,0,
AFMarkov1_95_10_15,95,10,15,0,0,0,0,0,0,0,0,0,0,0,0,0,0,0,0,0,0,0,0,0,2,13,0,0,0,0,0,63,43,712,1853,1,0,0,81,3859,18687,7189,7328,800,0,20,1326,43823,698966,199813,2951,373,
AFMarkov1_95_10_70,95,10,70,0,0,0,0,0,0,0,0,0,0,0,0,0,0,0,0,0,0,0,0,0,2,13,0,0,0,0,0,0,18,712,1853,1,0,0,0,0,46,2665,7328,800,0,0,0,3,188,677,961,373,
AFMarkov1_95_10_95,95,10,95,0,0,0,0,0,0,0,0,0,0,0,0,0,0,0,0,0,0,0,0,0,0,0,0,0,0,0,0,0,0,0,0,0,0,0,0,0,0,0,0,0,0,0,0,0,0,0,0,0,
AFMarkov1_95_15_15,95,15,15,0,0,0,0,0,0,0,0,0,0,0,0,0,0,0,0,0,0,0,0,0,0,1,0,0,0,0,0,21,22,24,215,1,0,0,24,1230,6162,3255,249,84,0,5,392,14092,224397,72089,1394,8,
AFMarkov1_95_15_70,95,15,70,0,0,0,0,0,0,0,0,0,0,0,0,0,0,0,0,0,0,0,0,0,0,1,0,0,0,0,0,0,0,24,215,1,0,0,0,0,0,26,249,84,0,0,0,0,0,1,11,8,
AFMarkov1_95_15_95,95,15,95,0,0,0,0,0,0,0,0,0,0,0,0,0,0,0,0,0,0,0,0,0,0,0,0,0,0,0,0,0,0,0,0,0,0,0,0,0,0,0,0,0,0,0,0,0,0,0,0,0,
AFMarkov1_95_20_15,95,20,15,0,0,0,0,0,0,0,0,0,0,0,0,0,0,0,0,0,0,0,0,0,0,0,0,0,0,0,0,7,21,2,24,1,0,0,1,96,3175,3080,14,5,0,0,0,94,17116,35020,1308,0,
AFMarkov1_95_20_70,95,20,70,0,0,0,0,0,0,0,0,0,0,0,0,0,0,0,0,0,0,0,0,0,0,0,0,0,0,0,0,0,0,2,24,1,0,0,0,0,0,0,14,5,0,0,0,0,0,0,0,0,
AFMarkov1_95_20_95,95,20,95,0,0,0,0,0,0,0,0,0,0,0,0,0,0,0,0,0,0,0,0,0,0,0,0,0,0,0,0,0,0,0,0,0,0,0,0,0,0,0,0,0,0,0,0,0,0,0,0,0,
AFMarkov1_95_50_15,95,50,15,0,0,0,0,0,0,0,0,0,0,0,0,0,0,0,0,0,0,0,0,0,0,0,0,0,0,0,0,0,0,0,0,0,0,0,0,0,0,0,0,0,0,0,0,0,0,0,0,0,
AFMarkov1_95_50_70,95,50,70,0,0,0,0,0,0,0,0,0,0,0,0,0,0,0,0,0,0,0,0,0,0,0,0,0,0,0,0,0,0,0,0,0,0,0,0,0,0,0,0,0,0,0,0,0,0,0,0,0,
AFMarkov1_95_50_95,95,50,95,0,0,0,0,0,0,0,0,0,0,0,0,0,0,0,0,0,0,0,0,0,0,0,0,0,0,0,0,0,0,0,0,0,0,0,0,0,0,0,0,0,0,0,0,0,0,0,0,0,
AFMarkov1_95_500_15,95,500,15,0,0,0,0,0,0,0,0,0,0,0,0,0,0,0,0,0,0,0,0,0,0,0,0,0,0,0,0,0,0,0,0,0,0,0,0,0,0,0,0,0,0,0,0,0,0,0,0,0,
AFMarkov1_95_500_70,95,500,70,0,0,0,0,0,0,0,0,0,0,0,0,0,0,0,0,0,0,0,0,0,0,0,0,0,0,0,0,0,0,0,0,0,0,0,0,0,0,0,0,0,0,0,0,0,0,0,0,0,
AFMarkov1_95_500_95,95,500,95,0,0,0,0,0,0,0,0,0,0,0,0,0,0,0,0,0,0,0,0,0,0,0,0,0,0,0,0,0,0,0,0,0,0,0,0,0,0,0,0,0,0,0,0,0,0,0,0,0,
